item,itemLabel,offizielle_Website
http://www.wikidata.org/entity/Q1378190,Europäisches Theologisches Seminar,http://ets-kniebis.de
http://www.wikidata.org/entity/Q1381118,Evangelische Seminare Maulbronn und Blaubeuren,http://www.seminar-maulbronn.de/
http://www.wikidata.org/entity/Q1581678,Josefinum,
http://www.wikidata.org/entity/Q1429906,Pädagogische Hochschule Heidelberg,http://www.ph-heidelberg.de/
http://www.wikidata.org/entity/Q1503440,Georg-Simon-Ohm-Hochschule für angewandte Wissenschaften – Fachhochschule Nürnberg,http://www.ohm-hochschule.de/index.php?id=319&L=1
http://www.wikidata.org/entity/Q1503440,Georg-Simon-Ohm-Hochschule für angewandte Wissenschaften – Fachhochschule Nürnberg,http://www.th-nuernberg.eu/
http://www.wikidata.org/entity/Q560023,Evangelisches Stift Tübingen,
http://www.wikidata.org/entity/Q1622071,Hochschule Aalen,http://www.hs-aalen.de/
http://www.wikidata.org/entity/Q1622096,Hochschule Emden/Leer,http://www.hs-emden-leer.de/
http://www.wikidata.org/entity/Q1622118,"Hochschule Konstanz Technik, Wirtschaft und Gestaltung",http://www.htwg-konstanz.de/English.20.0.html
http://www.wikidata.org/entity/Q224514,Hochschule Hannover,https://hs-hannover.de/
http://www.wikidata.org/entity/Q1487242,Hochschule für Musik Saar,https://www.hfmsaar.de/
http://www.wikidata.org/entity/Q700758,Universität des Saarlandes,https://www.uni-saarland.de/
http://www.wikidata.org/entity/Q700758,Universität des Saarlandes,https://www.uni-saarland.de/en/
http://www.wikidata.org/entity/Q153987,Albert-Ludwigs-Universität Freiburg,https://www.uni-freiburg.de/
http://www.wikidata.org/entity/Q317796,Hochschule für Musik und Darstellende Kunst Frankfurt am Main,http://www.hfmdk-frankfurt.info/
http://www.wikidata.org/entity/Q448590,Universität Koblenz-Landau,http://www.uni-koblenz-landau.de/
http://www.wikidata.org/entity/Q504723,Universität Siegen,http://www.uni-siegen.de/
http://www.wikidata.org/entity/Q569460,Hochschule für Musik „Hanns Eisler“ Berlin,https://www.hfm-berlin.de/
http://www.wikidata.org/entity/Q569460,Hochschule für Musik „Hanns Eisler“ Berlin,https://www.hfm-berlin.de/en/
http://www.wikidata.org/entity/Q662355,Kunstakademie Düsseldorf,http://www.kunstakademie-duesseldorf.de/
http://www.wikidata.org/entity/Q650345,Hochschule für Musik Freiburg,http://www.mh-freiburg.de
http://www.wikidata.org/entity/Q1391222,Hochschule Schmalkalden,http://www.hs-schmalkalden.de
http://www.wikidata.org/entity/Q1391202,Technische Hochschule Lübeck,https://www.th-luebeck.de/
http://www.wikidata.org/entity/Q687017,Fernuniversität Hagen,https://www.fernuni-hagen.de/
http://www.wikidata.org/entity/Q696757,Universität Duisburg-Essen,http://www.uni-duisburg-essen.de/
http://www.wikidata.org/entity/Q1441203,Pädagogische Hochschule Freiburg,http://www.ph-freiburg.de/
http://www.wikidata.org/entity/Q1441203,Pädagogische Hochschule Freiburg,https://www.ph-freiburg.de/home.html
http://www.wikidata.org/entity/Q734324,Technische Universität Braunschweig,http://www.tu-braunschweig.de/
http://www.wikidata.org/entity/Q1505130,Hochschule Hamm-Lippstadt,http://www.hshl.de/
http://www.wikidata.org/entity/Q1505130,Hochschule Hamm-Lippstadt,http://www.hshl.de/en/
http://www.wikidata.org/entity/Q761708,Hochschule Karlsruhe,https://www.h-ka.de/
http://www.wikidata.org/entity/Q761708,Hochschule Karlsruhe,https://www.h-ka.de/en/
http://www.wikidata.org/entity/Q122453,Universität Stuttgart,https://www.uni-stuttgart.de
http://www.wikidata.org/entity/Q152838,Georg-August-Universität Göttingen,https://www.uni-goettingen.de/en/1.html
http://www.wikidata.org/entity/Q156725,Universität Hamburg,http://www.uni-hamburg.de/
http://www.wikidata.org/entity/Q827038,Kunsthochschule für Medien Köln,http://www.khm.de
http://www.wikidata.org/entity/Q827038,Kunsthochschule für Medien Köln,https://en.khm.de/
http://www.wikidata.org/entity/Q161976,Julius-Maximilians-Universität Würzburg,http://www.uni-wuerzburg.de/
http://www.wikidata.org/entity/Q1622074,Hochschule Anhalt,http://www.hs-anhalt.de/
http://www.wikidata.org/entity/Q1622078,Hochschule Bochum,http://www.hochschule-bochum.de/
http://www.wikidata.org/entity/Q1622126,Hochschule Merseburg,http://www.hs-merseburg.de
http://www.wikidata.org/entity/Q1622145,Hochschule für angewandte Wissenschaften Weihenstephan-Triesdorf,http://www.hswt.de/
http://www.wikidata.org/entity/Q1622093,Hochschule Bremerhaven,https://www.hs-bremerhaven.de
http://www.wikidata.org/entity/Q879216,Hochschule für Bildende Künste Braunschweig,http://www.hbk-bs.de/
http://www.wikidata.org/entity/Q879216,Hochschule für Bildende Künste Braunschweig,http://www.hbk-bs.de/en/
http://www.wikidata.org/entity/Q22963,Deutsche Universität für Verwaltungswissenschaften Speyer,https://www.uni-speyer.de/
http://www.wikidata.org/entity/Q309988,Karlsruher Institut für Technologie,https://www.kit.edu
http://www.wikidata.org/entity/Q310695,Technische Universität Darmstadt,https://www.tu-darmstadt.de/
http://www.wikidata.org/entity/Q310695,Technische Universität Darmstadt,https://www.tu-darmstadt.de/index.en.jsp
http://www.wikidata.org/entity/Q315175,Hochschule für Grafik und Buchkunst Leipzig,http://www.hgb-leipzig.de/
http://www.wikidata.org/entity/Q464752,Hochschule für Bildende Künste Dresden,http://www.hfbk-dresden.de
http://www.wikidata.org/entity/Q505170,Leuphana Universität Lüneburg,https://www.leuphana.de/
http://www.wikidata.org/entity/Q448324,Hochschule für Musik Karlsruhe,http://www.hfm-karlsruhe.de
http://www.wikidata.org/entity/Q1391181,Fachhochschule Bielefeld,http://www.fh-bielefeld.de/en
http://www.wikidata.org/entity/Q1391198,Fachhochschule Kaiserslautern,http://www.hs-kl.de/
http://www.wikidata.org/entity/Q1391201,Fachhochschule Kiel,https://www.fh-kiel.de/
http://www.wikidata.org/entity/Q1391231,Hochschule Stralsund,https://www.hochschule-stralsund.de/
http://www.wikidata.org/entity/Q690912,Universität Hohenheim,https://www.uni-hohenheim.de/
http://www.wikidata.org/entity/Q707272,Otto-Friedrich-Universität Bamberg,https://www.uni-bamberg.de/
http://www.wikidata.org/entity/Q129195,Technische Universität Ilmenau,http://www.tu-ilmenau.de
http://www.wikidata.org/entity/Q165528,Universität Greifswald,https://www.uni-greifswald.de/
http://www.wikidata.org/entity/Q1550192,Filmuniversität Babelsberg „Konrad Wolf“,http://www.filmuniversitaet.de/
http://www.wikidata.org/entity/Q161976,Julius-Maximilians-Universität Würzburg,http://www.uni-wuerzburg.de/en/
http://www.wikidata.org/entity/Q1622117,Hochschule Koblenz,http://www.hs-koblenz.de/
http://www.wikidata.org/entity/Q1622135,Hochschule Osnabrück,http://www.hs-osnabrueck.de/
http://www.wikidata.org/entity/Q1622072,Ostbayerische Technische Hochschule Amberg – Weiden,http://www.oth-aw.de/
http://www.wikidata.org/entity/Q1622179,Hochschule für Gestaltung Offenbach am Main,http://www.hfg-offenbach.de/
http://www.wikidata.org/entity/Q1622179,Hochschule für Gestaltung Offenbach am Main,http://www.hfg-offenbach.de/en#feature_and_news
http://www.wikidata.org/entity/Q263537,Technische Hochschule Rosenheim,http://www.fh-rosenheim.de/
http://www.wikidata.org/entity/Q911561,Medizinische Hochschule Hannover,http://www.mh-hannover.de/
http://www.wikidata.org/entity/Q314684,Technische Hochschule Mittelhessen,http://www.th-mittelhessen.de/site/
http://www.wikidata.org/entity/Q314684,Technische Hochschule Mittelhessen,http://www.thm.de/
http://www.wikidata.org/entity/Q317855,Hochschule für Musik Detmold,http://www.hfm-detmold.de/
http://www.wikidata.org/entity/Q24382,Universität Bielefeld,http://www.uni-bielefeld.de
http://www.wikidata.org/entity/Q50662,Goethe-Universität Frankfurt am Main,https://www.uni-frankfurt.de/
http://www.wikidata.org/entity/Q55038,Universität der Künste Berlin,https://www.udk-berlin.de/
http://www.wikidata.org/entity/Q414041,Akademie der Bildenden Künste Nürnberg,http://www.adbk-nuernberg.de
http://www.wikidata.org/entity/Q414052,Akademie der Bildenden Künste München,https://www.adbk.de/
http://www.wikidata.org/entity/Q1523703,Hochschule für angewandte Wissenschaften Fachhochschule Aschaffenburg,http://www.th-ab.de
http://www.wikidata.org/entity/Q447354,Technische Universität Clausthal,http://www.tu-clausthal.de/
http://www.wikidata.org/entity/Q506436,Europa-Universität Flensburg,https://www.uni-flensburg.de/
http://www.wikidata.org/entity/Q574571,Universität Regensburg,https://www.uni-regensburg.de/
http://www.wikidata.org/entity/Q574571,Universität Regensburg,https://www.uni-regensburg.de/en
http://www.wikidata.org/entity/Q1310061,Pädagogische Hochschule Karlsruhe,http://www.ph-karlsruhe.de/
http://www.wikidata.org/entity/Q655866,Otto-von-Guericke-Universität Magdeburg,http://www.ovgu.de/
http://www.wikidata.org/entity/Q689854,Technische Universität Bergakademie Freiberg,http://www.tu-freiberg.de/
http://www.wikidata.org/entity/Q700824,Hochschule für Musik und Theater Hamburg,http://www.hfmt-hamburg.de
http://www.wikidata.org/entity/Q1391189,Fachhochschule Erfurt,http://www.fh-erfurt.de/
http://www.wikidata.org/entity/Q1391239,Hochschule Worms,http://www.hs-worms.de/
http://www.wikidata.org/entity/Q500692,Universität Bremen,https://www.uni-bremen.de/
http://www.wikidata.org/entity/Q1481465,Hessische Hochschule für Polizei und Verwaltung,http://www.hfpv.de
http://www.wikidata.org/entity/Q1622145,Hochschule für angewandte Wissenschaften Weihenstephan-Triesdorf,https://www.hswt.de/en.html
http://www.wikidata.org/entity/Q1622076,Hochschule für angewandte Wissenschaften Ansbach,http://www.hs-ansbach.de
http://www.wikidata.org/entity/Q1622101,Hochschule Esslingen,http://www.hs-esslingen.de
http://www.wikidata.org/entity/Q1622109,Hochschule für Angewandte Wissenschaften Hof,http://www.hof-university.de
http://www.wikidata.org/entity/Q1622115,Hochschule für angewandte Wissenschaften Kempten,http://www.hochschule-kempten.de/
http://www.wikidata.org/entity/Q1622141,Hochschule Ruhr West,http://en.hochschule-ruhr-west.de/
http://www.wikidata.org/entity/Q1622141,Hochschule Ruhr West,http://www.hochschule-ruhr-west.de/
http://www.wikidata.org/entity/Q1622175,Hochschule für Forstwirtschaft Rottenburg,http://www.hs-rottenburg.net
http://www.wikidata.org/entity/Q657167,Hochschule für Musik und Theater München,http://website.musikhochschule-muenchen.de/de/index.php
http://www.wikidata.org/entity/Q704468,Universität Passau,http://www.uni-passau.de/
http://www.wikidata.org/entity/Q156737,Christian-Albrechts-Universität zu Kiel,http://www.uni-kiel.de
http://www.wikidata.org/entity/Q161982,Johannes Gutenberg-Universität Mainz,https://www.uni-mainz.de/
http://www.wikidata.org/entity/Q1622092,Hochschule Bremen,http://www.hs-bremen.de/
http://www.wikidata.org/entity/Q1622149,Hochschule der Bildenden Künste Saar,http://www.hbksaar.de
http://www.wikidata.org/entity/Q1622205,Hochschule für Musik Nürnberg,http://www.hfm-nuernberg.de/
http://www.wikidata.org/entity/Q1622105,Hochschule Harz,https://www.hs-harz.de/
http://www.wikidata.org/entity/Q1622143,Technische Hochschule Ulm,http://hs-ulm.de
http://www.wikidata.org/entity/Q1622133,Hochschule Offenburg,https://www.hs-offenburg.de/
http://www.wikidata.org/entity/Q273263,RWTH Aachen,http://www.rwth-aachen.de
http://www.wikidata.org/entity/Q283099,Universität der Bundeswehr München,http://www.unibw.de/
http://www.wikidata.org/entity/Q284992,Hochschule Darmstadt,http://www.h-da.de/
http://www.wikidata.org/entity/Q149481,Europa-Universität Viadrina,https://www.europa-uni.de
http://www.wikidata.org/entity/Q153012,Universität Potsdam,https://www.uni-potsdam.de/
http://www.wikidata.org/entity/Q155354,Philipps-Universität Marburg,http://www.uni-marburg.de/
http://www.wikidata.org/entity/Q314089,Hochschule für angewandte Wissenschaften München,http://hm.edu/
http://www.wikidata.org/entity/Q315229,Deutsche Sporthochschule Köln,http://www.dshs-koeln.de/
http://www.wikidata.org/entity/Q317032,Heinrich-Heine-Universität Düsseldorf,https://www.hhu.de/
http://www.wikidata.org/entity/Q1011953,Burg Giebichenstein Kunsthochschule Halle,https://www.burg-halle.de/
http://www.wikidata.org/entity/Q260107,Hochschule für Musik Würzburg,http://www.hfm-wuerzburg.de/
http://www.wikidata.org/entity/Q309948,Ruhr-Universität Bochum,https://www.ruhr-uni-bochum.de/
http://www.wikidata.org/entity/Q573975,Bauhaus-Universität Weimar,http://www.uni-weimar.de/
http://www.wikidata.org/entity/Q536163,Hochschule für Musik Franz Liszt Weimar,http://www.hfm-weimar.de/
http://www.wikidata.org/entity/Q702499,Universität Osnabrück,http://www.uni-osnabrueck.de
http://www.wikidata.org/entity/Q702486,Universität Trier,https://www.uni-trier.de/
http://www.wikidata.org/entity/Q1391182,Technische Hochschule Brandenburg,http://www.th-brandenburg.de/
http://www.wikidata.org/entity/Q1413500,Hochschule für Musik und Darstellende Kunst Mannheim,http://www.muho-mannheim.de/
http://www.wikidata.org/entity/Q835440,Universität Konstanz,http://www.uni-konstanz.de/
http://www.wikidata.org/entity/Q881130,Hochschule für Musik und Theater Rostock,https://www.hmt-rostock.de/
http://www.wikidata.org/entity/Q1540704,Hochschule für Technik Stuttgart,https://www.hft-stuttgart.de/
http://www.wikidata.org/entity/Q1622121,Hochschule für angewandte Wissenschaften Landshut,http://www.haw-landshut.de/
http://www.wikidata.org/entity/Q1622138,Hochschule Rhein-Waal,http://www.hochschule-rhein-waal.de/
http://www.wikidata.org/entity/Q1622147,Hochschule Zittau/Görlitz,http://www.hszg.de/
http://www.wikidata.org/entity/Q1622147,Hochschule Zittau/Görlitz,http://www.hszg.de/en.html
http://www.wikidata.org/entity/Q678982,Leibniz Universität Hannover,https://www.uni-hannover.de/en/
http://www.wikidata.org/entity/Q1060,Technische Universität Hamburg,https://www.tuhh.de/
http://www.wikidata.org/entity/Q55021,Hochschule für Musik und Tanz Köln,http://www.hfmt-koeln.de/
http://www.wikidata.org/entity/Q168426,Westfälische Wilhelms-Universität Münster,https://www.uni-muenster.de/
http://www.wikidata.org/entity/Q202952,Hochschule Mittweida,http://www.hs-mittweida.de/
http://www.wikidata.org/entity/Q1391209,Hochschule Nordhausen,https://www.hs-nordhausen.de/
http://www.wikidata.org/entity/Q1441039,Hochschule Albstadt-Sigmaringen,http://www.hs-albsig.de/
http://www.wikidata.org/entity/Q319333,Stiftungsuniversität Hildesheim,http://www.uni-hildesheim.de/
http://www.wikidata.org/entity/Q153012,Universität Potsdam,http://www.uni-potsdam.de/
http://www.wikidata.org/entity/Q1567759,HafenCity Universität Hamburg,https://www.hcu-hamburg.de
http://www.wikidata.org/entity/Q1622125,Hochschule für Wirtschaft und Gesellschaft Ludwigshafen,http://www.hs-lu.de/
http://www.wikidata.org/entity/Q1622130,Hochschule Neubrandenburg,http://www.hs-nb.de/
http://www.wikidata.org/entity/Q1622111,Technische Hochschule Ingolstadt,http://www.thi.de/
http://www.wikidata.org/entity/Q466664,Hochschule für Künste Bremen,http://www.hfk-bremen.de/
http://www.wikidata.org/entity/Q32120,Martin-Luther-Universität Halle-Wittenberg,https://www.uni-halle.de/
http://www.wikidata.org/entity/Q54166,Technische Hochschule Köln,http://www.th-koeln.de/
http://www.wikidata.org/entity/Q568692,Hochschule für Musik und Darstellende Kunst Stuttgart,http://www.mh-stuttgart.de
http://www.wikidata.org/entity/Q569350,Hochschule für Fernsehen und Film München,http://www.hff-muc.de
http://www.wikidata.org/entity/Q569350,Hochschule für Fernsehen und Film München,https://www.hff-muenchen.de
http://www.wikidata.org/entity/Q597758,Carl von Ossietzky Universität Oldenburg,http://www.uni-oldenburg.de/
http://www.wikidata.org/entity/Q616905,Universität Augsburg,http://www.uni-augsburg.de/
http://www.wikidata.org/entity/Q678965,Technische Universität Kaiserslautern,https://www.uni-kl.de
http://www.wikidata.org/entity/Q678965,Technische Universität Kaiserslautern,https://www.uni-kl.de/en/
http://www.wikidata.org/entity/Q678965,Technische Universität Kaiserslautern,https://www.uni-kl.de/page-daccueil/
http://www.wikidata.org/entity/Q679134,Universität Paderborn,http://www.uni-paderborn.de
http://www.wikidata.org/entity/Q702482,Universität Bayreuth,https://www.uni-bayreuth.de/
http://www.wikidata.org/entity/Q702482,Universität Bayreuth,https://www.uni-bayreuth.de/en/
http://www.wikidata.org/entity/Q833822,Universität Kassel,http://www.uni-kassel.de/
http://www.wikidata.org/entity/Q875722,Staatliche Hochschule für Bildende Künste – Städelschule,http://www.staedelschule.de/
http://www.wikidata.org/entity/Q149433,Brandenburgische Technische Universität,http://www.b-tu.de/
http://www.wikidata.org/entity/Q154804,Universität Leipzig,https://www.uni-leipzig.de/
http://www.wikidata.org/entity/Q159630,Technische Universität Chemnitz,http://www.tu-chemnitz.de/
http://www.wikidata.org/entity/Q248702,Hochschule für Gestaltung Schwäbisch Gmünd,http://www.hfg-gmuend.de
http://www.wikidata.org/entity/Q248702,Hochschule für Gestaltung Schwäbisch Gmünd,http://www.hfg-gmuend.de/en/Latest_news.html
http://www.wikidata.org/entity/Q317053,Justus-Liebig-Universität Gießen,http://www.uni-giessen.de/
http://www.wikidata.org/entity/Q317053,Justus-Liebig-Universität Gießen,http://www.uni-giessen.de/welcome
http://www.wikidata.org/entity/Q317070,Universität Mannheim,https://www.uni-mannheim.de/
http://www.wikidata.org/entity/Q1305888,Muthesius Kunsthochschule,http://www.muthesius-kunsthochschule.de
http://www.wikidata.org/entity/Q468181,Hochschule für Musik Carl Maria von Weber Dresden,http://www.hfmdd.de
http://www.wikidata.org/entity/Q1391235,Fachhochschule Westküste,http://www.fh-westkueste.de/
http://www.wikidata.org/entity/Q513622,Musikhochschule Lübeck,http://www.mh-luebeck.de/
http://www.wikidata.org/entity/Q521612,Folkwang Universität der Künste,http://www.folkwang-uni.de/
http://www.wikidata.org/entity/Q530991,Helmut-Schmidt-Universität,https://www.hsu-hh.de/
http://www.wikidata.org/entity/Q1562772,HAWK Hochschule Hildesheim/Holzminden/Göttingen,http://www.hawk-hhg.de/
http://www.wikidata.org/entity/Q1607255,Stiftung Tierärztliche Hochschule Hannover,https://www.tiho-hannover.de/
http://www.wikidata.org/entity/Q678982,Leibniz Universität Hannover,https://www.uni-hannover.de/
http://www.wikidata.org/entity/Q1622079,Hochschule Biberach,http://www.hochschule-biberach.de/
http://www.wikidata.org/entity/Q1622083,Hochschule Bonn-Rhein-Sieg,http://www.h-brs.de
http://www.wikidata.org/entity/Q1622123,Hochschule Magdeburg-Stendal,http://www.hs-magdeburg.de/
http://www.wikidata.org/entity/Q1622183,Hochschule für Gesundheit,http://www.hochschule-bochum.de/en/
http://www.wikidata.org/entity/Q1622183,Hochschule für Gesundheit,http://www.hs-gesundheit.de/
http://www.wikidata.org/entity/Q1622203,Hochschule für Musik Mainz,http://www.hfm-mainz.de
http://www.wikidata.org/entity/Q1622206,Hochschule für Musik Trossingen,http://www.mh-trossingen.de//
http://www.wikidata.org/entity/Q685557,Technische Universität Dortmund,https://www.tu-dortmund.de/
http://www.wikidata.org/entity/Q835662,Universität Ulm,https://www.uni-ulm.de/en/
http://www.wikidata.org/entity/Q54096,Universität zu Köln,https://uni-koeln.de
http://www.wikidata.org/entity/Q895796,Hochschule für Schauspielkunst „Ernst Busch“ Berlin,https://www.hfs-berlin.de/
http://www.wikidata.org/entity/Q896116,Staatliche Hochschule für Gestaltung Karlsruhe,http://www.hfg-karlsruhe.de
http://www.wikidata.org/entity/Q154561,Friedrich-Schiller-Universität Jena,https://www.uni-jena.de/
http://www.wikidata.org/entity/Q159895,Universität Rostock,https://www.uni-rostock.de/
http://www.wikidata.org/entity/Q312578,Hochschule für Musik und Theater „Felix Mendelssohn Bartholdy“ Leipzig,https://www.hmt-leipzig.de/
http://www.wikidata.org/entity/Q317087,Universität zu Lübeck,http://www.uni-luebeck.de/
http://www.wikidata.org/entity/Q322938,Staatliche Akademie der Bildenden Künste Karlsruhe,http://www.kunstakademie-karlsruhe.de
http://www.wikidata.org/entity/Q447953,Bergische Universität Wuppertal,http://www.uni-wuppertal.de
http://www.wikidata.org/entity/Q455331,"Hochschule für Musik, Theater und Medien Hannover",https://www.hmtm-hannover.de/
http://www.wikidata.org/entity/Q2646956,Alice Salomon Hochschule Berlin,https://www.ash-berlin.eu/
http://www.wikidata.org/entity/Q1109185,Collegium Borromaeum (Freiburg im Breisgau),http://www.cb-freiburg.de/
http://www.wikidata.org/entity/Q7109839,Q7109839,http://www.oss.uni-frankfurt.de/
http://www.wikidata.org/entity/Q1922219,Merz Akademie,http://www.merz-akademie.de/
http://www.wikidata.org/entity/Q883471,Steinbeis-Hochschule Berlin,http://www.steinbeis-hochschule.de/
http://www.wikidata.org/entity/Q15850244,Technische Hochschule Leipzig,
http://www.wikidata.org/entity/Q2120222,Pädagogische Hochschule Weingarten,http://www.ph-weingarten.de/
http://www.wikidata.org/entity/Q533069,Herzogliches Georgianum,http://www.herzoglichesgeorgianum.de/
http://www.wikidata.org/entity/Q17403358,Technische Hochschule Berlin,
http://www.wikidata.org/entity/Q27973252,Duale Hochschule Gera-Eisenach,http://www.dhge.de
http://www.wikidata.org/entity/Q153978,Eberhard Karls Universität Tübingen,http://www.uni-tuebingen.de/
http://www.wikidata.org/entity/Q2324294,Staatliche Akademie der Bildenden Künste Stuttgart,http://www.abk-stuttgart.de
http://www.wikidata.org/entity/Q191426,Zeppelin Universität,http://www.zeppelin-university.com
http://www.wikidata.org/entity/Q895645,Philosophisch-Theologische Hochschule Sankt Georgen,http://www.sankt-georgen.de/
http://www.wikidata.org/entity/Q1683524,Kühne Logistics University,http://www.the-klu.org
http://www.wikidata.org/entity/Q41313704,Pädagogische Hochschule der Universität,
http://www.wikidata.org/entity/Q55156,FOM - Hochschule für Oekonomie und Management,http://www.en.fom.de/about-the-fom.html
http://www.wikidata.org/entity/Q55044,Ludwig-Maximilians-Universität München,https://www.lmu.de/
http://www.wikidata.org/entity/Q1792343,Kunstakademie Münster,http://www.kunstakademie-muenster.de/
http://www.wikidata.org/entity/Q2718933,Hochschule Ravensburg-Weingarten,http://www.hs-weingarten.de/
http://www.wikidata.org/entity/Q1622244,Hochschule für nachhaltige Entwicklung Eberswalde,http://www.hnee.de/
http://www.wikidata.org/entity/Q1622244,Hochschule für nachhaltige Entwicklung Eberswalde,http://www.hnee.de/de/Startseite/HNE-Eberswalde-E1016.htm
http://www.wikidata.org/entity/Q702524,Universität Erfurt,http://www.uni-erfurt.de
http://www.wikidata.org/entity/Q21040611,Berlin International University of Applied Sciences,https://www.berlin-international.de
http://www.wikidata.org/entity/Q2576313,Wilhelmsstift,https://www.wilhelmsstift.de
http://www.wikidata.org/entity/Q1733921,Karlshochschule International University,http://www.karlshochschule.de/
http://www.wikidata.org/entity/Q59114,Jacobs University Bremen,http://www.jacobs-university.de/
http://www.wikidata.org/entity/Q2120205,Pädagogische Hochschule Schwäbisch Gmünd,http://www.ph-gmuend.de
http://www.wikidata.org/entity/Q2048456,Palucca Hochschule für Tanz Dresden,http://www.palucca.eu/
http://www.wikidata.org/entity/Q60867576,XU Exponential University of Applied Sciences,https://xu-university.com
http://www.wikidata.org/entity/Q101385266,Technische Universität Berlin Institut für Technische Akustik,
http://www.wikidata.org/entity/Q1444899,Frankfurt School of Finance & Management,http://www.frankfurt-school.de/
http://www.wikidata.org/entity/Q151510,Ruprecht-Karls-Universität Heidelberg,http://www.uni-heidelberg.de/
http://www.wikidata.org/entity/Q152087,Humboldt-Universität zu Berlin,https://www.hu-berlin.de/
http://www.wikidata.org/entity/Q158158,Technische Universität Dresden,https://tu-dresden.de/
http://www.wikidata.org/entity/Q883284,Theologische Fakultät Paderborn,http://www.thf-paderborn.de/
http://www.wikidata.org/entity/Q107512980,Priesterseminar der Pallottiner,
http://www.wikidata.org/entity/Q1622237,Hochschule für bildende Künste Hamburg,http://www.hfbk-hamburg.de/
http://www.wikidata.org/entity/Q1622242,Hochschule für Öffentliche Verwaltung Bremen,http://www.hfoev.bremen.de/
http://www.wikidata.org/entity/Q81564271,Erzbischöfliches Priesterseminar Paderborn,
http://www.wikidata.org/entity/Q1666832,International Psychoanalytic University Berlin,http://www.ipu-berlin.de/en
http://www.wikidata.org/entity/Q2109625,Priesterseminar Würzburg,http://www.priesterseminar-wuerzburg.de
http://www.wikidata.org/entity/Q7392824,SRH Hochschule Berlin,http://www.srh-hochschule-berlin.de/
http://www.wikidata.org/entity/Q40025,Friedrich-Alexander-Universität Erlangen-Nürnberg,https://www.fau.de/
http://www.wikidata.org/entity/Q40025,Friedrich-Alexander-Universität Erlangen-Nürnberg,https://www.fau.eu/
http://www.wikidata.org/entity/Q314305,Universität Witten/Herdecke,https://www.uni-wh.de/
http://www.wikidata.org/entity/Q28971028,Q28971028,http://unu.edu/about/unu-system/centre/vie#overview
http://www.wikidata.org/entity/Q462039,Universität Ingolstadt,
http://www.wikidata.org/entity/Q1258462,Dresden International University,http://www.di-uni.de/
http://www.wikidata.org/entity/Q1109165,Collegium Albertinum,
http://www.wikidata.org/entity/Q1109299,Collegium Willibaldinum,
http://www.wikidata.org/entity/Q101406566,Universität Leipzig Theologische Fakultät,
http://www.wikidata.org/entity/Q1470442,Priesterseminar Bamberg,
http://www.wikidata.org/entity/Q1667805,Internationales Priesterseminar St. Petrus,
http://www.wikidata.org/entity/Q314466,Universität Helmstedt,http://uni-helmstedt.hab.de
http://www.wikidata.org/entity/Q2399299,Technische Universität Magdeburg,
http://www.wikidata.org/entity/Q646136,Ukrainische Freie Universität München,http://www.ufu-muenchen.de/
http://www.wikidata.org/entity/Q2120211,Pädagogische Hochschule Ludwigsburg,http://www.ph-ludwigsburg.de/
http://www.wikidata.org/entity/Q153006,Freie Universität Berlin,https://www.fu-berlin.de/
http://www.wikidata.org/entity/Q107510635,Erzbischöfliches Knabenseminar Freising,
http://www.wikidata.org/entity/Q5413406,EU Business School,https://www.euruni.edu
http://www.wikidata.org/entity/Q191426,Zeppelin Universität,https://www.zu.de/
http://www.wikidata.org/entity/Q895948,Universität Fulda,
http://www.wikidata.org/entity/Q251214,Private Hanseuniversität,http://www.hanseuni.de/
http://www.wikidata.org/entity/Q2109614,Priesterseminar Osnabrück,
http://www.wikidata.org/entity/Q2109612,Priesterseminar München,
http://www.wikidata.org/entity/Q2109619,Priesterseminar Speyer,
http://www.wikidata.org/entity/Q2358540,Studienhaus St. Lambert,
http://www.wikidata.org/entity/Q875138,Hochschule für Technik und Wirtschaft Berlin,https://www.htw-berlin.de/
http://www.wikidata.org/entity/Q1622234,Hochschule für angewandte Wissenschaften Coburg,http://www.hs-coburg.de/
http://www.wikidata.org/entity/Q1622239,Hochschule für angewandte Wissenschaften Würzburg-Schweinfurt,http://www.fhws.de/
http://www.wikidata.org/entity/Q316592,Leucorea,http://www.leucorea.de/
http://www.wikidata.org/entity/Q414163,Akademie der Wissenschaften und der Literatur Mainz,http://www.adwmainz.de
http://www.wikidata.org/entity/Q48757710,Zacharias Frankel College,http://zacharias-frankel-college.bbgk.de/
http://www.wikidata.org/entity/Q101265587,Humboldt-Universität zu Berlin Theologische Fakultät,
http://www.wikidata.org/entity/Q101382287,Ruhr-Universität Bochum Evangelisch-Theologische Fakultät,
http://www.wikidata.org/entity/Q880228,Ehemaliges Melanchthon-Gymnasium in Altdorf bei Nürnberg,
http://www.wikidata.org/entity/Q29426438,Universität Karlsruhe,http://www.uni-karlsruhe.de/
http://www.wikidata.org/entity/Q1257371,Priesterseminar Köln,
http://www.wikidata.org/entity/Q21600206,Q21600206,
http://www.wikidata.org/entity/Q20266894,Universität Berlin,
http://www.wikidata.org/entity/Q2109629,Priesterseminar St. Petrus (Berlin),
http://www.wikidata.org/entity/Q1109275,Collegium Orientale,http://www.collegium-orientale.de
http://www.wikidata.org/entity/Q2496139,Universität Rinteln,
http://www.wikidata.org/entity/Q2035460,Ostfalia Hochschule für angewandte Wissenschaften,http://www.ostfalia.de
http://www.wikidata.org/entity/Q423604,Rabbinerseminar zu Berlin,http://rabbinerseminar.de/
http://www.wikidata.org/entity/Q15056949,Kardinal-Schulte-Haus,
http://www.wikidata.org/entity/Q101155669,Theologische Fakultät Rostock,https://www.theologie.uni-rostock.de/
http://www.wikidata.org/entity/Q1262599,Duale Hochschule Baden-Württemberg Karlsruhe,https://www.karlsruhe.dhbw.de/
http://www.wikidata.org/entity/Q2718928,Hochschule Geisenheim,http://www.hs-geisenheim.de/
http://www.wikidata.org/entity/Q1109235,Collegium Leoninum,
http://www.wikidata.org/entity/Q1353911,Priesterseminar Hildesheim,
http://www.wikidata.org/entity/Q1420079,Bischöfliches Priesterseminar Trier,
http://www.wikidata.org/entity/Q1667803,Internationales Priesterseminar Herz Jesu,
http://www.wikidata.org/entity/Q31943212,Q31943212,
http://www.wikidata.org/entity/Q32000610,Q32000610,
http://www.wikidata.org/entity/Q32000608,Q32000608,
http://www.wikidata.org/entity/Q2109602,Priesterseminar Aachen,
http://www.wikidata.org/entity/Q98650476,Pädagogische Hochschule Eichstätt,
http://www.wikidata.org/entity/Q324332,Hochschule für die Wissenschaft des Judentums,
http://www.wikidata.org/entity/Q1408967,Priesterseminar Augsburg,
http://www.wikidata.org/entity/Q1659467,Technische Hochschule Leuna-Merseburg,
http://www.wikidata.org/entity/Q1671056,Friedrichs-Universität Bützow,
http://www.wikidata.org/entity/Q2496174,Universität Vechta,http://www.uni-vechta.de/
http://www.wikidata.org/entity/Q2109618,Priesterseminar Rottenburg,
http://www.wikidata.org/entity/Q2120187,Pädagogische Hochschule Esslingen,
http://www.wikidata.org/entity/Q151510,Ruprecht-Karls-Universität Heidelberg,https://www.uni-heidelberg.de/
http://www.wikidata.org/entity/Q152171,Rheinische Friedrich-Wilhelms-Universität Bonn,http://uni-bonn.de
http://www.wikidata.org/entity/Q2565230,Westfälische Hochschule Gelsenkirchen Bocholt Recklinghausen,http://www.w-hs.de/
http://www.wikidata.org/entity/Q17123243,Friedrichs-Polytechnikum,
http://www.wikidata.org/entity/Q565742,Baltische Universität,
http://www.wikidata.org/entity/Q315161,Katholische Universität Eichstätt-Ingolstadt,http://www.ku-eichstaett.de
http://www.wikidata.org/entity/Q316272,EBS Universität für Wirtschaft und Recht,http://www.ebs.edu/
http://www.wikidata.org/entity/Q1109187,Collegium Borromaeum Münster,
http://www.wikidata.org/entity/Q1437749,Priesterseminar Mainz,
http://www.wikidata.org/entity/Q1573181,Hamburger Universität für Wirtschaft und Politik,
http://www.wikidata.org/entity/Q1795883,Kölner Werkschulen,
http://www.wikidata.org/entity/Q1916554,Medizinische Akademie Magdeburg,
http://www.wikidata.org/entity/Q2109604,Priesterseminar Erfurt,
http://www.wikidata.org/entity/Q1916178,Mediadesign Hochschule,http://www.mediadesign.de
http://www.wikidata.org/entity/Q157808,Technische Universität München,http://www.tum.de/
http://www.wikidata.org/entity/Q97356392,Q97356392,https://www.srh-hochschule-heidelberg.de/
http://www.wikidata.org/entity/Q41313284,Neue Universität,
http://www.wikidata.org/entity/Q2048456,Palucca Hochschule für Tanz Dresden,https://palucca.eu/en/
http://www.wikidata.org/entity/Q266255,Universität Dillingen,
http://www.wikidata.org/entity/Q111020102,Rheinland-Pfälzische Technische Universität Kaiserslautern-Landau,
http://www.wikidata.org/entity/Q819312,Bergakademie Berlin,
http://www.wikidata.org/entity/Q1458855,Priesterseminar Passau,
http://www.wikidata.org/entity/Q1766996,Priesterseminar Essen,
http://www.wikidata.org/entity/Q2109605,Priesterseminar Fulda,
http://www.wikidata.org/entity/Q2109616,Priesterseminar Regensburg,
http://www.wikidata.org/entity/Q591905,Hochschule für Gestaltung Ulm,http://www.hfg-archiv.ulm.de
http://www.wikidata.org/entity/Q591905,Hochschule für Gestaltung Ulm,https://hfg-archiv.museumulm.de/en/
http://www.wikidata.org/entity/Q679945,Handelshochschule Leipzig,http://www.hhl.de/
http://www.wikidata.org/entity/Q686171,Technische Hochschule Wildau,http://www.th-wildau.de/
http://www.wikidata.org/entity/Q1622229,Hochschule für Wirtschaft und Umwelt Nürtingen-Geislingen,http://www.hfwu.de/
http://www.wikidata.org/entity/Q468553,Technische Hochschule Deggendorf,https://www.th-deg.de/
http://www.wikidata.org/entity/Q53546459,University of Applied Sciences Europe,https://www.ue-germany.com/de/
http://www.wikidata.org/entity/Q573749,Tübinger Schule,
http://www.wikidata.org/entity/Q1649504,Medizinische Akademie Erfurt,
http://www.wikidata.org/entity/Q1818836,Leokonvikt,
http://www.wikidata.org/entity/Q2109610,Priesterseminar Limburg,
http://www.wikidata.org/entity/Q569528,European School of Management and Technology,http://www.esmt.org/
http://www.wikidata.org/entity/Q56187114,Technische Universität Nürnberg,
http://www.wikidata.org/entity/Q5592027,Graduate School for Computing in Medicine and Life Sciences,http://www.gradschool.uni-luebeck.de
http://www.wikidata.org/entity/Q1773894,Kunsthochschule Berlin-Weißensee,https://www.kh-berlin.de/
http://www.wikidata.org/entity/Q51985,Technische Universität Berlin,https://www.tu.berlin/
